[
{
    "username": "Candie Cottle",
    "email": "ccottle0@linkedin.com",
    "password": "A8N3Ect"
},
{
    "username": "Rem Cureton",
    "email": "rcureton1@comsenz.com",
    "password": "6PmAWqvo7jN"
},
{
    "username": "Iggy Foulds",
    "email": "ifoulds2@hud.gov",
    "password": "OSu5Yo"
},
{
    "username": "Bil McKeighen",
    "email": "bmckeighen3@elegantthemes.com",
    "password": "FoN82Fr5"
},
{
    "username": "Tiffany Orritt",
    "email": "torritt5@timesonline.co.uk",
    "password": "NPoCrea5"
}]